{"accounts":[{"name":"0","movements":[{"date":60988543200000,"causal":"F24"},{"date":60379250400000,"causal":"PagoBancomat"},{"date":61178968800000,"causal":"PagoBancomat"},{"date":60043240800000,"causal":"Bollettino"},{"date":61301052000000,"causal":"Bollettino"},{"date":60879682800000,"causal":"PagoBancomat"},{"date":60659362800000,"causal":"PagoBancomat"},{"date":60008248800000,"causal":"Bonifico"},{"date":60943532400000,"causal":"Bonifico"},{"date":61507206000000,"causal":"PagoBancomat"},{"date":60895404000000,"causal":"PagoBancomat"}]},{"name":"1","movements":[{"date":60995718000000,"causal":"Bollettino"},{"date":60558361200000,"causal":"Bollettino"},{"date":61203333600000,"causal":"PagoBancomat"},{"date":61151929200000,"causal":"F24"},{"date":60318684000000,"causal":"F24"},{"date":60769000800000,"causal":"PagoBancomat"},{"date":60343657200000,"causal":"Accredito"},{"date":60633439200000,"causal":"Bonifico"},{"date":60211378800000,"causal":"PagoBancomat"},{"date":61527160800000,"causal":"PagoBancomat"},{"date":60373378800000,"causal":"Bollettino"},{"date":60063544800000,"causal":"PagoBancomat"},{"date":60337263600000,"causal":"Bonifico"},{"date":60299676000000,"causal":"Bonifico"},{"date":60767359200000,"causal":"Bollettino"},{"date":60308319600000,"causal":"Bollettino"}]},{"name":"2","movements":[{"date":60796562400000,"causal":"Accredito"},{"date":61020943200000,"causal":"Accredito"},{"date":60506863200000,"causal":"F24"},{"date":59963756400000,"causal":"F24"},{"date":60589551600000,"causal":"Accredito"},{"date":61079263200000,"causal":"Bonifico"},{"date":60214662000000,"causal":"Bonifico"},{"date":61066220400000,"causal":"F24"},{"date":60143468400000,"causal":"Accredito"},{"date":60489932400000,"causal":"Bonifico"},{"date":60331734000000,"causal":"Bonifico"},{"date":60544188000000,"causal":"Bonifico"}]},{"name":"3","movements":[{"date":60167138400000,"causal":"F24"},{"date":60138799200000,"causal":"Bonifico"},{"date":60003842400000,"causal":"PagoBancomat"},{"date":59971442400000,"causal":"PagoBancomat"},{"date":60465049200000,"causal":"Bollettino"},{"date":61396005600000,"causal":"PagoBancomat"},{"date":60425910000000,"causal":"Accredito"},{"date":60567084000000,"causal":"F24"},{"date":61258806000000,"causal":"PagoBancomat"},{"date":61305285600000,"causal":"F24"},{"date":60784124400000,"causal":"Accredito"},{"date":61523618400000,"causal":"F24"},{"date":60850389600000,"causal":"PagoBancomat"},{"date":60200402400000,"causal":"PagoBancomat"}]},{"name":"4","movements":[{"date":61391599200000,"causal":"Accredito"},{"date":60039093600000,"causal":"Accredito"},{"date":61069762800000,"causal":"Bollettino"},{"date":60494943600000,"causal":"Bollettino"},{"date":60701004000000,"causal":"Bollettino"},{"date":60076591200000,"causal":"PagoBancomat"},{"date":60725023200000,"causal":"PagoBancomat"},{"date":61178277600000,"causal":"F24"},{"date":61171365600000,"causal":"Bollettino"},{"date":60578920800000,"causal":"Bonifico"},{"date":61389784800000,"causal":"F24"}]},{"name":"5","movements":[{"date":60694610400000,"causal":"Bollettino"},{"date":60017670000000,"causal":"Bonifico"},{"date":60283519200000,"causal":"Bonifico"},{"date":60053353200000,"causal":"Bonifico"},{"date":60422191200000,"causal":"F24"},{"date":61463829600000,"causal":"Bollettino"},{"date":61409833200000,"causal":"Bonifico"},{"date":61412425200000,"causal":"Accredito"},{"date":60089641200000,"causal":"Bonifico"},{"date":61357730400000,"causal":"Accredito"},{"date":61180869600000,"causal":"Accredito"},{"date":61497698400000,"causal":"Bonifico"},{"date":60087135600000,"causal":"Bonifico"},{"date":60558966000000,"causal":"F24"},{"date":61341577200000,"causal":"Bonifico"}]},{"name":"6","movements":[{"date":61392031200000,"causal":"F24"},{"date":60373551600000,"causal":"F24"},{"date":60164114400000,"causal":"PagoBancomat"},{"date":60439298400000,"causal":"Bollettino"},{"date":60152713200000,"causal":"Bollettino"},{"date":61234610400000,"causal":"F24"},{"date":60522073200000,"causal":"F24"},{"date":60717337200000,"causal":"Accredito"}]},{"name":"7","movements":[{"date":60232370400000,"causal":"PagoBancomat"},{"date":61474978800000,"causal":"F24"},{"date":60034773600000,"causal":"Accredito"},{"date":61075029600000,"causal":"PagoBancomat"},{"date":60035810400000,"causal":"PagoBancomat"},{"date":60380460000000,"causal":"PagoBancomat"},{"date":60536844000000,"causal":"Accredito"},{"date":61319113200000,"causal":"PagoBancomat"},{"date":61019474400000,"causal":"Bollettino"},{"date":61023708000000,"causal":"F24"},{"date":61532607600000,"causal":"Bonifico"},{"date":61106738400000,"causal":"Accredito"},{"date":60769346400000,"causal":"Bollettino"},{"date":60691413600000,"causal":"Accredito"},{"date":61437826800000,"causal":"Bollettino"},{"date":61065874800000,"causal":"Bonifico"},{"date":60989752800000,"causal":"Bollettino"}]},{"name":"8","movements":[{"date":61020943200000,"causal":"Bollettino"},{"date":60538140000000,"causal":"PagoBancomat"},{"date":61431516000000,"causal":"Bonifico"},{"date":60152886000000,"causal":"Bollettino"},{"date":59977144800000,"causal":"PagoBancomat"},{"date":60148825200000,"causal":"Accredito"},{"date":60838383600000,"causal":"PagoBancomat"},{"date":60956920800000,"causal":"F24"},{"date":60769605600000,"causal":"Bonifico"},{"date":60475586400000,"causal":"F24"},{"date":60820840800000,"causal":"Bonifico"}]},{"name":"9","movements":[{"date":60805724400000,"causal":"Accredito"},{"date":61221394800000,"causal":"Bonifico"},{"date":60703250400000,"causal":"Bonifico"},{"date":60704287200000,"causal":"Bollettino"},{"date":61138792800000,"causal":"Bonifico"},{"date":61452597600000,"causal":"F24"},{"date":60635944800000,"causal":"Bollettino"},{"date":60640351200000,"causal":"Bollettino"},{"date":60351170400000,"causal":"Accredito"},{"date":60571576800000,"causal":"Accredito"},{"date":59994255600000,"causal":"PagoBancomat"},{"date":60577797600000,"causal":"Accredito"},{"date":60386076000000,"causal":"Accredito"},{"date":60057500400000,"causal":"Accredito"},{"date":60753279600000,"causal":"Bollettino"},{"date":60830431200000,"causal":"Bollettino"}]},{"name":"10","movements":[{"date":60227445600000,"causal":"F24"},{"date":61192796400000,"causal":"Bonifico"},{"date":60218546400000,"causal":"Bonifico"},{"date":61316348400000,"causal":"Bollettino"},{"date":61097410800000,"causal":"Bonifico"},{"date":60941977200000,"causal":"Accredito"},{"date":61453807200000,"causal":"Bonifico"},{"date":61387797600000,"causal":"Accredito"},{"date":60480424800000,"causal":"F24"},{"date":60079186800000,"causal":"PagoBancomat"},{"date":61209900000000,"causal":"Bollettino"},{"date":61352722800000,"causal":"PagoBancomat"},{"date":60613308000000,"causal":"PagoBancomat"},{"date":61506687600000,"causal":"PagoBancomat"},{"date":60680962800000,"causal":"PagoBancomat"},{"date":60633525600000,"causal":"Bonifico"},{"date":60884431200000,"causal":"F24"}]},{"name":"11","movements":[{"date":61158236400000,"causal":"PagoBancomat"},{"date":60056463600000,"causal":"Bonifico"},{"date":60926767200000,"causal":"Bonifico"},{"date":60111759600000,"causal":"F24"},{"date":61529666400000,"causal":"Accredito"},{"date":61006258800000,"causal":"PagoBancomat"},{"date":61026130800000,"causal":"PagoBancomat"},{"date":61111663200000,"causal":"PagoBancomat"},{"date":61108898400000,"causal":"Bollettino"},{"date":61183810800000,"causal":"F24"},{"date":60906294000000,"causal":"Bollettino"},{"date":61174648800000,"causal":"F24"},{"date":60140786400000,"causal":"F24"},{"date":59994428400000,"causal":"Bollettino"},{"date":61265196000000,"causal":"Bollettino"},{"date":60345813600000,"causal":"Accredito"},{"date":59981724000000,"causal":"Bonifico"}]},{"name":"12","movements":[{"date":61240658400000,"causal":"F24"},{"date":61102418400000,"causal":"Bollettino"},{"date":60049378800000,"causal":"PagoBancomat"},{"date":60779890800000,"causal":"F24"},{"date":60450703200000,"causal":"Bonifico"},{"date":60719065200000,"causal":"Accredito"},{"date":61465471200000,"causal":"Accredito"}]},{"name":"13","movements":[{"date":60976620000000,"causal":"Bollettino"},{"date":59996761200000,"causal":"F24"},{"date":60594649200000,"causal":"F24"},{"date":60847369200000,"causal":"PagoBancomat"},{"date":61003148400000,"causal":"Bonifico"},{"date":60100351200000,"causal":"Bonifico"},{"date":60594562800000,"causal":"Bollettino"},{"date":60391605600000,"causal":"Accredito"},{"date":60230469600000,"causal":"Accredito"},{"date":59990281200000,"causal":"Bonifico"},{"date":60811426800000,"causal":"Bollettino"},{"date":61086693600000,"causal":"PagoBancomat"},{"date":61047208800000,"causal":"Bollettino"},{"date":60984223200000,"causal":"Accredito"},{"date":60707570400000,"causal":"PagoBancomat"},{"date":61509193200000,"causal":"Accredito"},{"date":61350217200000,"causal":"PagoBancomat"},{"date":60866805600000,"causal":"PagoBancomat"},{"date":60768309600000,"causal":"Accredito"}]},{"name":"14","movements":[{"date":60620828400000,"causal":"Bollettino"},{"date":60942841200000,"causal":"Bollettino"},{"date":61006690800000,"causal":"Accredito"},{"date":61259238000000,"causal":"F24"},{"date":61357903200000,"causal":"Accredito"},{"date":60527084400000,"causal":"PagoBancomat"}]},{"name":"15","movements":[{"date":60534424800000,"causal":"Bonifico"},{"date":60978952800000,"causal":"Accredito"},{"date":61406722800000,"causal":"PagoBancomat"},{"date":61465730400000,"causal":"Bollettino"},{"date":60632834400000,"causal":"Accredito"},{"date":61353586800000,"causal":"F24"},{"date":60487509600000,"causal":"Bollettino"},{"date":61449487200000,"causal":"PagoBancomat"},{"date":61019992800000,"causal":"Accredito"}]},{"name":"16","movements":[{"date":60882876000000,"causal":"F24"},{"date":61114428000000,"causal":"Bonifico"},{"date":60752847600000,"causal":"Accredito"},{"date":60072098400000,"causal":"PagoBancomat"},{"date":60666703200000,"causal":"F24"},{"date":60974031600000,"causal":"Bonifico"},{"date":61208172000000,"causal":"F24"},{"date":60416488800000,"causal":"Bollettino"},{"date":60698671200000,"causal":"Bollettino"},{"date":61374236400000,"causal":"F24"},{"date":61329909600000,"causal":"Accredito"},{"date":61472991600000,"causal":"F24"},{"date":60200229600000,"causal":"Bollettino"},{"date":60913116000000,"causal":"Bollettino"},{"date":60933337200000,"causal":"PagoBancomat"},{"date":60516972000000,"causal":"Accredito"},{"date":60597324000000,"causal":"F24"},{"date":61174562400000,"causal":"PagoBancomat"},{"date":61024572000000,"causal":"Bonifico"},{"date":59974812000000,"causal":"Bonifico"},{"date":60438178800000,"causal":"PagoBancomat"},{"date":60187356000000,"causal":"Bollettino"},{"date":60734440800000,"causal":"PagoBancomat"},{"date":60936706800000,"causal":"Accredito"},{"date":60498831600000,"causal":"Bollettino"},{"date":60814969200000,"causal":"PagoBancomat"}]},{"name":"17","movements":[{"date":60643634400000,"causal":"PagoBancomat"},{"date":60312294000000,"causal":"Bonifico"},{"date":60455109600000,"causal":"Accredito"},{"date":60941631600000,"causal":"PagoBancomat"},{"date":59993737200000,"causal":"Bonifico"},{"date":60790514400000,"causal":"Bonifico"},{"date":61476534000000,"causal":"PagoBancomat"},{"date":60501423600000,"causal":"Accredito"},{"date":60890738400000,"causal":"Bonifico"},{"date":60406297200000,"causal":"Bollettino"},{"date":60011877600000,"causal":"F24"},{"date":61426850400000,"causal":"F24"},{"date":61446639600000,"causal":"Bollettino"},{"date":60164460000000,"causal":"Bonifico"},{"date":60471525600000,"causal":"PagoBancomat"}]},{"name":"18","movements":[{"date":60705583200000,"causal":"Bollettino"},{"date":60222261600000,"causal":"PagoBancomat"},{"date":61211109600000,"causal":"PagoBancomat"},{"date":61500294000000,"causal":"F24"},{"date":60448456800000,"causal":"Accredito"},{"date":61213183200000,"causal":"F24"},{"date":61036326000000,"causal":"Bollettino"},{"date":61465384800000,"causal":"PagoBancomat"}]},{"name":"19","movements":[{"date":60255612000000,"causal":"Bollettino"},{"date":60180102000000,"causal":"F24"},{"date":60355317600000,"causal":"Bonifico"},{"date":60408972000000,"causal":"Bollettino"},{"date":61051096800000,"causal":"Accredito"},{"date":60254575200000,"causal":"PagoBancomat"},{"date":61087212000000,"causal":"PagoBancomat"}]},{"name":"20","movements":[{"date":61039000800000,"causal":"F24"},{"date":61320150000000,"causal":"Bollettino"},{"date":61089548400000,"causal":"Accredito"},{"date":60340374000000,"causal":"F24"},{"date":61434021600000,"causal":"F24"},{"date":60003756000000,"causal":"Accredito"},{"date":61227702000000,"causal":"Bollettino"},{"date":61007292000000,"causal":"F24"},{"date":61224591600000,"causal":"Bollettino"},{"date":61065702000000,"causal":"Bonifico"},{"date":61089202800000,"causal":"Bonifico"},{"date":60597928800000,"causal":"Bonifico"}]},{"name":"21","movements":[{"date":60281532000000,"causal":"Bollettino"},{"date":60861708000000,"causal":"PagoBancomat"},{"date":60535202400000,"causal":"Bonifico"},{"date":61006518000000,"causal":"Bollettino"},{"date":60901110000000,"causal":"Bollettino"},{"date":60075295200000,"causal":"Bollettino"},{"date":61044616800000,"causal":"Bonifico"},{"date":60831208800000,"causal":"Bonifico"},{"date":61458991200000,"causal":"Accredito"},{"date":61395746400000,"causal":"F24"},{"date":61507638000000,"causal":"Bollettino"},{"date":60404655600000,"causal":"F24"},{"date":61457176800000,"causal":"Bonifico"}]},{"name":"22","movements":[{"date":60415279200000,"causal":"Bollettino"},{"date":61435317600000,"causal":"Bonifico"},{"date":61524828000000,"causal":"Accredito"},{"date":60909836400000,"causal":"Bollettino"},{"date":60568725600000,"causal":"Bollettino"},{"date":60748441200000,"causal":"Accredito"},{"date":60326632800000,"causal":"Bonifico"},{"date":61394882400000,"causal":"F24"},{"date":61192623600000,"causal":"Bollettino"}]},{"name":"23","movements":[{"date":60923916000000,"causal":"Accredito"},{"date":60195996000000,"causal":"Bollettino"},{"date":61036326000000,"causal":"PagoBancomat"},{"date":60601816800000,"causal":"F24"},{"date":60190725600000,"causal":"Bonifico"},{"date":60232370400000,"causal":"PagoBancomat"},{"date":61528802400000,"causal":"PagoBancomat"},{"date":60243606000000,"causal":"PagoBancomat"},{"date":60319375200000,"causal":"F24"},{"date":60792588000000,"causal":"Bollettino"}]},{"name":"24","movements":[{"date":60611493600000,"causal":"F24"},{"date":60641301600000,"causal":"Bonifico"},{"date":61058790000000,"causal":"Bonifico"},{"date":61370776800000,"causal":"Bollettino"},{"date":60512306400000,"causal":"Accredito"},{"date":60634303200000,"causal":"Bollettino"},{"date":60501596400000,"causal":"F24"},{"date":60768309600000,"causal":"Bollettino"}]},{"name":"25","movements":[{"date":60883308000000,"causal":"F24"},{"date":61410870000000,"causal":"Accredito"},{"date":60267708000000,"causal":"PagoBancomat"},{"date":59998658400000,"causal":"Accredito"},{"date":60140268000000,"causal":"Bollettino"},{"date":61063628400000,"causal":"Bollettino"},{"date":60554559600000,"causal":"Accredito"},{"date":60377954400000,"causal":"Bonifico"},{"date":60169384800000,"causal":"Bollettino"},{"date":60420117600000,"causal":"F24"},{"date":61531225200000,"causal":"Bollettino"},{"date":60459174000000,"causal":"F24"}]},{"name":"26","movements":[{"date":61062764400000,"causal":"Accredito"},{"date":61411820400000,"causal":"Bonifico"},{"date":59976972000000,"causal":"Bollettino"},{"date":61510748400000,"causal":"Bonifico"},{"date":61474806000000,"causal":"Bollettino"},{"date":61518780000000,"causal":"Bollettino"},{"date":60220533600000,"causal":"Bollettino"},{"date":61055589600000,"causal":"Bollettino"},{"date":60182607600000,"causal":"F24"},{"date":61019215200000,"causal":"PagoBancomat"},{"date":60085321200000,"causal":"F24"},{"date":60338646000000,"causal":"Bollettino"},{"date":60266930400000,"causal":"Bollettino"},{"date":60264770400000,"causal":"Bonifico"},{"date":61386760800000,"causal":"PagoBancomat"},{"date":60530626800000,"causal":"Bollettino"}]},{"name":"27","movements":[{"date":61134645600000,"causal":"PagoBancomat"},{"date":61072178400000,"causal":"Bollettino"},{"date":60732453600000,"causal":"F24"},{"date":60182521200000,"causal":"Bonifico"},{"date":59997967200000,"causal":"Accredito"},{"date":60282741600000,"causal":"Bonifico"},{"date":61246015200000,"causal":"F24"},{"date":60323954400000,"causal":"Accredito"},{"date":60130245600000,"causal":"Accredito"},{"date":60314277600000,"causal":"Bollettino"},{"date":60300889200000,"causal":"F24"},{"date":61307445600000,"causal":"Bonifico"},{"date":61132575600000,"causal":"PagoBancomat"},{"date":60255525600000,"causal":"Bonifico"}]},{"name":"28","movements":[{"date":60675516000000,"causal":"PagoBancomat"},{"date":60340287600000,"causal":"Accredito"},{"date":60287839200000,"causal":"Bollettino"},{"date":61335007200000,"causal":"Bonifico"},{"date":60573736800000,"causal":"Bonifico"},{"date":60580476000000,"causal":"F24"},{"date":60582549600000,"causal":"Accredito"},{"date":60104757600000,"causal":"F24"},{"date":60916140000000,"causal":"F24"},{"date":60861448800000,"causal":"Bonifico"},{"date":60865768800000,"causal":"F24"},{"date":60669554400000,"causal":"Accredito"}]},{"name":"29","movements":[{"date":60291468000000,"causal":"Bollettino"},{"date":60914584800000,"causal":"Bonifico"},{"date":60606482400000,"causal":"Bonifico"},{"date":61290255600000,"causal":"F24"},{"date":60446210400000,"causal":"F24"},{"date":60291468000000,"causal":"Bonifico"},{"date":60276610800000,"causal":"Bollettino"},{"date":60803388000000,"causal":"Bonifico"},{"date":61476102000000,"causal":"F24"},{"date":60684332400000,"causal":"Accredito"},{"date":60343138800000,"causal":"PagoBancomat"}]},{"name":"30","movements":[{"date":61398770400000,"causal":"Bonifico"},{"date":60736168800000,"causal":"Bollettino"},{"date":61103800800000,"causal":"F24"},{"date":60427638000000,"causal":"Bollettino"},{"date":60183903600000,"causal":"Bollettino"},{"date":61479212400000,"causal":"Bonifico"},{"date":60810476400000,"causal":"Accredito"},{"date":60419599200000,"causal":"F24"},{"date":61400412000000,"causal":"PagoBancomat"},{"date":61117711200000,"causal":"PagoBancomat"},{"date":61056799200000,"causal":"PagoBancomat"},{"date":60844604400000,"causal":"Bollettino"},{"date":61059049200000,"causal":"Accredito"},{"date":60677935200000,"causal":"Bollettino"},{"date":60911391600000,"causal":"PagoBancomat"},{"date":61343650800000,"causal":"Bonifico"},{"date":60483448800000,"causal":"F24"},{"date":61488885600000,"causal":"Accredito"}]},{"name":"31","movements":[{"date":61530879600000,"causal":"Bollettino"},{"date":60820840800000,"causal":"PagoBancomat"},{"date":60055167600000,"causal":"Accredito"},{"date":60707052000000,"causal":"Accredito"},{"date":60476364000000,"causal":"F24"},{"date":60610716000000,"causal":"PagoBancomat"},{"date":61108120800000,"causal":"F24"},{"date":60187269600000,"causal":"Bonifico"},{"date":61080213600000,"causal":"Bonifico"},{"date":60259240800000,"causal":"PagoBancomat"}]},{"name":"32","movements":[{"date":60053526000000,"causal":"PagoBancomat"},{"date":60630156000000,"causal":"F24"},{"date":61451042400000,"causal":"PagoBancomat"},{"date":60096722400000,"causal":"Bonifico"},{"date":60141132000000,"causal":"Accredito"},{"date":60315919200000,"causal":"Bonifico"},{"date":60223212000000,"causal":"Bollettino"},{"date":61357212000000,"causal":"PagoBancomat"},{"date":60695733600000,"causal":"PagoBancomat"},{"date":61339240800000,"causal":"Bollettino"}]},{"name":"33","movements":[{"date":60990012000000,"causal":"Accredito"},{"date":61235215200000,"causal":"Accredito"},{"date":60806761200000,"causal":"F24"},{"date":60847282800000,"causal":"Bollettino"},{"date":60844950000000,"causal":"Bonifico"},{"date":61401276000000,"causal":"PagoBancomat"},{"date":61330428000000,"causal":"PagoBancomat"},{"date":61389352800000,"causal":"Bonifico"},{"date":60905775600000,"causal":"Bonifico"},{"date":60289999200000,"causal":"Bollettino"},{"date":60066136800000,"causal":"Bonifico"},{"date":60507727200000,"causal":"F24"},{"date":60730466400000,"causal":"Bonifico"},{"date":60948280800000,"causal":"Accredito"},{"date":61328786400000,"causal":"Bollettino"},{"date":60218978400000,"causal":"Bonifico"},{"date":61085484000000,"causal":"Bollettino"},{"date":60288012000000,"causal":"Accredito"},{"date":60911996400000,"causal":"F24"},{"date":60553609200000,"causal":"PagoBancomat"},{"date":60122127600000,"causal":"F24"},{"date":60266325600000,"causal":"Bollettino"},{"date":60677589600000,"causal":"Accredito"},{"date":60983013600000,"causal":"F24"},{"date":60774706800000,"causal":"PagoBancomat"}]},{"name":"34","movements":[{"date":61393240800000,"causal":"Bonifico"},{"date":61351858800000,"causal":"Bollettino"},{"date":60579957600000,"causal":"Accredito"},{"date":60317042400000,"causal":"Bonifico"},{"date":61325157600000,"causal":"Accredito"},{"date":60946380000000,"causal":"Bollettino"},{"date":60458310000000,"causal":"Bonifico"},{"date":60968847600000,"causal":"PagoBancomat"},{"date":61085052000000,"causal":"Accredito"},{"date":61015759200000,"causal":"PagoBancomat"},{"date":60003324000000,"causal":"PagoBancomat"},{"date":60811340400000,"causal":"Bonifico"},{"date":61009020000000,"causal":"F24"}]},{"name":"35","movements":[{"date":59980687200000,"causal":"Bollettino"},{"date":60091023600000,"causal":"Bollettino"},{"date":60358082400000,"causal":"PagoBancomat"},{"date":60643202400000,"causal":"Bonifico"},{"date":60929532000000,"causal":"Bollettino"},{"date":61197890400000,"causal":"F24"},{"date":60891170400000,"causal":"Accredito"},{"date":61203852000000,"causal":"Bonifico"},{"date":60929186400000,"causal":"PagoBancomat"},{"date":60308406000000,"causal":"Accredito"},{"date":60881407200000,"causal":"Bonifico"}]},{"name":"36","movements":[{"date":60213452400000,"causal":"Accredito"},{"date":60024236400000,"causal":"Bonifico"},{"date":61302866400000,"causal":"Accredito"},{"date":60823346400000,"causal":"Bonifico"},{"date":60730725600000,"causal":"Bollettino"},{"date":60615558000000,"causal":"Accredito"},{"date":61436444400000,"causal":"Bollettino"},{"date":61086434400000,"causal":"Bollettino"},{"date":61121516400000,"causal":"F24"},{"date":61164284400000,"causal":"Accredito"},{"date":60281964000000,"causal":"Accredito"},{"date":61079608800000,"causal":"Bonifico"},{"date":60979903200000,"causal":"Accredito"},{"date":61031919600000,"causal":"Accredito"},{"date":60135688800000,"causal":"Accredito"},{"date":60091110000000,"causal":"PagoBancomat"},{"date":60053007600000,"causal":"PagoBancomat"},{"date":60913375200000,"causal":"F24"},{"date":60066741600000,"causal":"Accredito"}]},{"name":"37","movements":[{"date":61252671600000,"causal":"F24"},{"date":61504441200000,"causal":"PagoBancomat"},{"date":60824296800000,"causal":"F24"},{"date":60899119200000,"causal":"Accredito"},{"date":61317126000000,"causal":"Bonifico"},{"date":60949922400000,"causal":"Bonifico"},{"date":61389871200000,"causal":"Bollettino"}]},{"name":"38","movements":[{"date":60443445600000,"causal":"Bollettino"},{"date":60939385200000,"causal":"Bonifico"},{"date":61478002800000,"causal":"Accredito"},{"date":60377608800000,"causal":"Bollettino"},{"date":60731848800000,"causal":"Bonifico"},{"date":61415017200000,"causal":"Accredito"},{"date":61506601200000,"causal":"F24"},{"date":61410438000000,"causal":"PagoBancomat"},{"date":60836569200000,"causal":"Bonifico"},{"date":60761138400000,"causal":"Bonifico"},{"date":60411045600000,"causal":"Bollettino"},{"date":59975935200000,"causal":"F24"}]},{"name":"39","movements":[{"date":60856696800000,"causal":"Accredito"},{"date":61091190000000,"causal":"Bollettino"},{"date":60222780000000,"causal":"Bollettino"},{"date":60363702000000,"causal":"Bollettino"},{"date":60694956000000,"causal":"Bollettino"},{"date":60880546800000,"causal":"Bollettino"},{"date":61129810800000,"causal":"PagoBancomat"},{"date":61019474400000,"causal":"F24"},{"date":61381666800000,"causal":"Bonifico"},{"date":61013944800000,"causal":"Bonifico"},{"date":61403868000000,"causal":"Bonifico"}]},{"name":"40","movements":[{"date":61005308400000,"causal":"Bonifico"},{"date":60504616800000,"causal":"PagoBancomat"},{"date":60356354400000,"causal":"PagoBancomat"},{"date":61042802400000,"causal":"PagoBancomat"},{"date":60265461600000,"causal":"F24"},{"date":60762175200000,"causal":"F24"},{"date":61232364000000,"causal":"PagoBancomat"},{"date":61120911600000,"causal":"Accredito"},{"date":60186322800000,"causal":"Accredito"},{"date":60562767600000,"causal":"F24"},{"date":61305199200000,"causal":"F24"},{"date":60915621600000,"causal":"Bonifico"},{"date":61011784800000,"causal":"F24"},{"date":60595858800000,"causal":"Bollettino"}]},{"name":"41","movements":[{"date":61226751600000,"causal":"F24"},{"date":61007464800000,"causal":"PagoBancomat"},{"date":61090066800000,"causal":"Bonifico"},{"date":59970578400000,"causal":"PagoBancomat"},{"date":61064406000000,"causal":"Accredito"},{"date":59996674800000,"causal":"Bonifico"},{"date":61268220000000,"causal":"Bollettino"},{"date":60663247200000,"causal":"Bonifico"},{"date":61400325600000,"causal":"PagoBancomat"},{"date":60311084400000,"causal":"Accredito"},{"date":61004703600000,"causal":"Bollettino"},{"date":60042981600000,"causal":"F24"}]},{"name":"42","movements":[{"date":60637586400000,"causal":"PagoBancomat"},{"date":60283864800000,"causal":"Bonifico"},{"date":61196853600000,"causal":"Bollettino"},{"date":60775398000000,"causal":"Accredito"},{"date":60647785200000,"causal":"F24"},{"date":61044098400000,"causal":"F24"},{"date":60200661600000,"causal":"PagoBancomat"},{"date":60540732000000,"causal":"F24"},{"date":60313068000000,"causal":"Bonifico"},{"date":60371823600000,"causal":"Bonifico"},{"date":60980076000000,"causal":"Bonifico"},{"date":60544101600000,"causal":"Bonifico"}]},{"name":"43","movements":[{"date":60300975600000,"causal":"F24"},{"date":60782914800000,"causal":"Bonifico"},{"date":60598620000000,"causal":"Bonifico"},{"date":60216130800000,"causal":"PagoBancomat"},{"date":61134818400000,"causal":"F24"},{"date":60023113200000,"causal":"Bonifico"},{"date":61127910000000,"causal":"Bollettino"},{"date":60111327600000,"causal":"Accredito"},{"date":61097583600000,"causal":"F24"},{"date":60592402800000,"causal":"Accredito"},{"date":61366716000000,"causal":"PagoBancomat"}]},{"name":"44","movements":[{"date":61239967200000,"causal":"Bollettino"},{"date":60163423200000,"causal":"Bonifico"},{"date":60423832800000,"causal":"Accredito"},{"date":60634303200000,"causal":"Accredito"},{"date":60249481200000,"causal":"PagoBancomat"},{"date":60853327200000,"causal":"Bollettino"},{"date":60794748000000,"causal":"Accredito"},{"date":60401718000000,"causal":"PagoBancomat"}]},{"name":"45","movements":[{"date":60369231600000,"causal":"Bollettino"},{"date":61320322800000,"causal":"Bollettino"},{"date":60341151600000,"causal":"Bollettino"},{"date":60993295200000,"causal":"Bonifico"},{"date":61085484000000,"causal":"Bollettino"},{"date":59964620400000,"causal":"F24"},{"date":60118671600000,"causal":"Bollettino"},{"date":61387711200000,"causal":"Accredito"},{"date":61320841200000,"causal":"F24"},{"date":60679148400000,"causal":"F24"},{"date":61173007200000,"causal":"Bonifico"},{"date":60874498800000,"causal":"Accredito"},{"date":60862399200000,"causal":"PagoBancomat"},{"date":61083583200000,"causal":"F24"}]},{"name":"46","movements":[{"date":60379941600000,"causal":"Accredito"},{"date":60833455200000,"causal":"PagoBancomat"},{"date":60144505200000,"causal":"Accredito"},{"date":61485170400000,"causal":"Bonifico"},{"date":60328274400000,"causal":"Bollettino"},{"date":60961154400000,"causal":"Bollettino"},{"date":60140440800000,"causal":"Accredito"},{"date":60053439600000,"causal":"PagoBancomat"},{"date":60982495200000,"causal":"Bonifico"},{"date":60101647200000,"causal":"Bollettino"},{"date":61266492000000,"causal":"Accredito"},{"date":60659881200000,"causal":"PagoBancomat"},{"date":60490882800000,"causal":"Bollettino"},{"date":60634908000000,"causal":"Bonifico"}]},{"name":"47","movements":[{"date":60352120800000,"causal":"F24"},{"date":60168693600000,"causal":"PagoBancomat"},{"date":60550408800000,"causal":"PagoBancomat"},{"date":59959436400000,"causal":"Bonifico"},{"date":60156770400000,"causal":"F24"},{"date":60490018800000,"causal":"F24"},{"date":60589378800000,"causal":"Bollettino"},{"date":60887541600000,"causal":"Accredito"},{"date":60437660400000,"causal":"Bonifico"},{"date":61485948000000,"causal":"Accredito"},{"date":61461583200000,"causal":"Bonifico"},{"date":60204636000000,"causal":"Accredito"},{"date":61237548000000,"causal":"PagoBancomat"},{"date":60154441200000,"causal":"PagoBancomat"},{"date":61478521200000,"causal":"F24"},{"date":60137589600000,"causal":"Bollettino"},{"date":60144418800000,"causal":"F24"},{"date":60118758000000,"causal":"F24"},{"date":61359112800000,"causal":"Bollettino"},{"date":61261394400000,"causal":"Bollettino"},{"date":60368713200000,"causal":"Bonifico"},{"date":60763384800000,"causal":"Accredito"},{"date":60059401200000,"causal":"Accredito"},{"date":61022757600000,"causal":"PagoBancomat"},{"date":60991740000000,"causal":"PagoBancomat"}]},{"name":"48","movements":[{"date":61510834800000,"causal":"F24"},{"date":60772975200000,"causal":"Bollettino"},{"date":59969714400000,"causal":"Bonifico"},{"date":61018351200000,"causal":"Bollettino"},{"date":60645103200000,"causal":"Accredito"},{"date":60894453600000,"causal":"F24"},{"date":60796130400000,"causal":"Bollettino"},{"date":60573736800000,"causal":"Accredito"},{"date":60687356400000,"causal":"Bonifico"},{"date":61356520800000,"causal":"Bollettino"},{"date":60416402400000,"causal":"PagoBancomat"},{"date":61171452000000,"causal":"Bollettino"},{"date":60915880800000,"causal":"F24"},{"date":60594822000000,"causal":"PagoBancomat"},{"date":60403964400000,"causal":"Bollettino"}]},{"name":"49","movements":[{"date":60896268000000,"causal":"PagoBancomat"},{"date":60104757600000,"causal":"F24"},{"date":60330780000000,"causal":"F24"},{"date":60511874400000,"causal":"Bonifico"},{"date":61116415200000,"causal":"Accredito"},{"date":60913202400000,"causal":"Bollettino"},{"date":61213010400000,"causal":"PagoBancomat"},{"date":61140607200000,"causal":"Bollettino"},{"date":60615903600000,"causal":"PagoBancomat"},{"date":60528294000000,"causal":"Accredito"},{"date":60063544800000,"causal":"Bollettino"},{"date":60533647200000,"causal":"PagoBancomat"}]},{"name":"50","movements":[{"date":60377004000000,"causal":"Accredito"},{"date":61518866400000,"causal":"Bonifico"},{"date":60313586400000,"causal":"F24"},{"date":61066306800000,"causal":"Bollettino"},{"date":60645448800000,"causal":"Bollettino"},{"date":61090326000000,"causal":"Accredito"},{"date":61209986400000,"causal":"F24"},{"date":60233234400000,"causal":"Bonifico"},{"date":61458300000000,"causal":"Bollettino"},{"date":61389352800000,"causal":"Bonifico"},{"date":61111404000000,"causal":"Bollettino"},{"date":60755090400000,"causal":"PagoBancomat"},{"date":60780927600000,"causal":"PagoBancomat"},{"date":61295263200000,"causal":"Accredito"},{"date":61226924400000,"causal":"PagoBancomat"},{"date":60992690400000,"causal":"Accredito"},{"date":60694956000000,"causal":"Bonifico"}]},{"name":"51","movements":[{"date":60056031600000,"causal":"Accredito"},{"date":60140527200000,"causal":"F24"},{"date":60805638000000,"causal":"PagoBancomat"},{"date":60875622000000,"causal":"Accredito"},{"date":60186063600000,"causal":"PagoBancomat"},{"date":60391605600000,"causal":"PagoBancomat"},{"date":61524914400000,"causal":"Bonifico"},{"date":60040735200000,"causal":"Bollettino"},{"date":60296997600000,"causal":"Accredito"},{"date":60770210400000,"causal":"F24"},{"date":60702732000000,"causal":"Accredito"},{"date":60384952800000,"causal":"Bonifico"},{"date":60280412400000,"causal":"Bonifico"},{"date":60109509600000,"causal":"PagoBancomat"},{"date":60148998000000,"causal":"F24"},{"date":61333538400000,"causal":"Bonifico"}]},{"name":"52","movements":[{"date":61220530800000,"causal":"Bonifico"},{"date":61103196000000,"causal":"Bollettino"},{"date":60276351600000,"causal":"Accredito"},{"date":61288182000000,"causal":"F24"},{"date":61056367200000,"causal":"F24"},{"date":61143112800000,"causal":"Bonifico"},{"date":61010143200000,"causal":"Accredito"}]},{"name":"53","movements":[{"date":61445862000000,"causal":"PagoBancomat"},{"date":60154095600000,"causal":"Bollettino"},{"date":60849183600000,"causal":"PagoBancomat"},{"date":60112796400000,"causal":"Accredito"},{"date":60262005600000,"causal":"Bonifico"}]},{"name":"54","movements":[{"date":60425820000000,"causal":"Bonifico"},{"date":61235992800000,"causal":"Bonifico"},{"date":60540127200000,"causal":"F24"},{"date":60660914400000,"causal":"Bollettino"},{"date":60988456800000,"causal":"Bonifico"},{"date":61134818400000,"causal":"PagoBancomat"},{"date":60409144800000,"causal":"Accredito"},{"date":61362309600000,"causal":"Accredito"},{"date":61110626400000,"causal":"Accredito"},{"date":61456485600000,"causal":"Bonifico"},{"date":60691330800000,"causal":"F24"}]},{"name":"55","movements":[{"date":61206530400000,"causal":"F24"},{"date":61374236400000,"causal":"Bollettino"},{"date":60285765600000,"causal":"PagoBancomat"},{"date":61453720800000,"causal":"Bonifico"},{"date":60671800800000,"causal":"F24"},{"date":60036501600000,"causal":"F24"},{"date":60159448800000,"causal":"PagoBancomat"},{"date":60017065200000,"causal":"PagoBancomat"},{"date":60656252400000,"causal":"Accredito"},{"date":60320325600000,"causal":"Accredito"},{"date":61007551200000,"causal":"Bonifico"},{"date":60615730800000,"causal":"F24"},{"date":60881320800000,"causal":"Bonifico"},{"date":60049551600000,"causal":"Accredito"},{"date":60708693600000,"causal":"PagoBancomat"},{"date":61384431600000,"causal":"Bonifico"}]},{"name":"56","movements":[{"date":60533560800000,"causal":"Accredito"},{"date":60591452400000,"causal":"Bollettino"},{"date":60134911200000,"causal":"F24"},{"date":61212837600000,"causal":"F24"},{"date":61011957600000,"causal":"F24"},{"date":60564754800000,"causal":"Bollettino"},{"date":60717510000000,"causal":"PagoBancomat"},{"date":60079964400000,"causal":"F24"},{"date":60686233200000,"causal":"PagoBancomat"},{"date":60058969200000,"causal":"F24"},{"date":60992172000000,"causal":"Bonifico"}]},{"name":"57","movements":[{"date":60468159600000,"causal":"Accredito"},{"date":60708261600000,"causal":"Bollettino"},{"date":60195736800000,"causal":"Bonifico"},{"date":61140175200000,"causal":"PagoBancomat"},{"date":60280326000000,"causal":"PagoBancomat"}]},{"name":"58","movements":[{"date":61258287600000,"causal":"Bollettino"},{"date":60511701600000,"causal":"PagoBancomat"},{"date":60100783200000,"causal":"PagoBancomat"},{"date":60979903200000,"causal":"Bollettino"},{"date":60793279200000,"causal":"Bollettino"},{"date":61305112800000,"causal":"Accredito"},{"date":60477228000000,"causal":"Bollettino"},{"date":61532780400000,"causal":"Bonifico"},{"date":61034943600000,"causal":"PagoBancomat"}]},{"name":"59","movements":[{"date":60500732400000,"causal":"PagoBancomat"},{"date":60950700000000,"causal":"Bonifico"},{"date":60816438000000,"causal":"F24"},{"date":60428156400000,"causal":"Bonifico"},{"date":60781359600000,"causal":"Bonifico"},{"date":61495020000000,"causal":"PagoBancomat"},{"date":60790428000000,"causal":"PagoBancomat"},{"date":60575032800000,"causal":"Bollettino"},{"date":60162472800000,"causal":"F24"},{"date":60171112800000,"causal":"Bollettino"},{"date":60062335200000,"causal":"F24"},{"date":61053775200000,"causal":"PagoBancomat"},{"date":60325164000000,"causal":"Bonifico"},{"date":61002716400000,"causal":"Bonifico"},{"date":61179919200000,"causal":"Bollettino"},{"date":60198328800000,"causal":"Bollettino"}]},{"name":"60","movements":[{"date":61352031600000,"causal":"Bonifico"},{"date":61204456800000,"causal":"Accredito"},{"date":60192626400000,"causal":"Bonifico"},{"date":61494328800000,"causal":"Bonifico"},{"date":61491564000000,"causal":"F24"},{"date":60042376800000,"causal":"Bonifico"},{"date":61148815200000,"causal":"PagoBancomat"},{"date":59977231200000,"causal":"Bonifico"},{"date":60552745200000,"causal":"Bollettino"},{"date":60885727200000,"causal":"PagoBancomat"},{"date":60081346800000,"causal":"F24"},{"date":60205330800000,"causal":"Bollettino"},{"date":61145013600000,"causal":"PagoBancomat"},{"date":60842271600000,"causal":"F24"},{"date":60475154400000,"causal":"Bonifico"}]},{"name":"61","movements":[{"date":60392901600000,"causal":"F24"},{"date":60313068000000,"causal":"F24"},{"date":60987074400000,"causal":"PagoBancomat"},{"date":60688911600000,"causal":"Bonifico"},{"date":60519736800000,"causal":"F24"},{"date":61516274400000,"causal":"Bonifico"},{"date":60554214000000,"causal":"Bollettino"},{"date":61532175600000,"causal":"F24"},{"date":61148469600000,"causal":"Bollettino"},{"date":60759064800000,"causal":"Accredito"},{"date":60558879600000,"causal":"F24"},{"date":61484392800000,"causal":"PagoBancomat"},{"date":61279887600000,"causal":"Bonifico"}]},{"name":"62","movements":[{"date":60077023200000,"causal":"Accredito"},{"date":60095512800000,"causal":"F24"},{"date":60972476400000,"causal":"Bollettino"},{"date":60695647200000,"causal":"PagoBancomat"},{"date":61213960800000,"causal":"Accredito"},{"date":60729602400000,"causal":"PagoBancomat"},{"date":61228389600000,"causal":"PagoBancomat"},{"date":60499350000000,"causal":"Accredito"},{"date":61378124400000,"causal":"PagoBancomat"},{"date":60287839200000,"causal":"Bollettino"},{"date":60906898800000,"causal":"Accredito"},{"date":60621433200000,"causal":"Accredito"}]},{"name":"63","movements":[{"date":60098709600000,"causal":"Bollettino"},{"date":60930568800000,"causal":"Bollettino"},{"date":60284556000000,"causal":"Bollettino"},{"date":60959253600000,"causal":"Accredito"},{"date":60928063200000,"causal":"Accredito"},{"date":60946812000000,"causal":"PagoBancomat"},{"date":60376312800000,"causal":"Bonifico"},{"date":61096201200000,"causal":"Accredito"},{"date":61107861600000,"causal":"PagoBancomat"},{"date":60468073200000,"causal":"Bonifico"}]},{"name":"64","movements":[{"date":60657030000000,"causal":"PagoBancomat"},{"date":60415192800000,"causal":"PagoBancomat"},{"date":61173698400000,"causal":"Bonifico"},{"date":61331464800000,"causal":"Accredito"},{"date":60457446000000,"causal":"Bollettino"},{"date":61063628400000,"causal":"F24"},{"date":60333116400000,"causal":"F24"},{"date":61058876400000,"causal":"PagoBancomat"}]},{"name":"65","movements":[{"date":60919768800000,"causal":"PagoBancomat"},{"date":60307455600000,"causal":"F24"},{"date":60796303200000,"causal":"Bonifico"},{"date":61044098400000,"causal":"PagoBancomat"},{"date":61027167600000,"causal":"Bollettino"},{"date":61450092000000,"causal":"Bollettino"},{"date":60310652400000,"causal":"Accredito"},{"date":60134738400000,"causal":"PagoBancomat"},{"date":60675429600000,"causal":"Bollettino"},{"date":60328188000000,"causal":"Accredito"},{"date":60717682800000,"causal":"F24"},{"date":61147260000000,"causal":"Bollettino"},{"date":60485522400000,"causal":"Bonifico"}]},{"name":"66","movements":[{"date":60116857200000,"causal":"F24"},{"date":60117462000000,"causal":"Bonifico"},{"date":60763212000000,"causal":"F24"},{"date":60235048800000,"causal":"PagoBancomat"},{"date":60490623600000,"causal":"Bollettino"},{"date":61034166000000,"causal":"Bonifico"},{"date":60340978800000,"causal":"PagoBancomat"},{"date":60510664800000,"causal":"Bonifico"},{"date":60061039200000,"causal":"F24"},{"date":60506517600000,"causal":"Bollettino"},{"date":60091801200000,"causal":"F24"},{"date":60256735200000,"causal":"Bonifico"},{"date":61184242800000,"causal":"Bonifico"},{"date":60308838000000,"causal":"F24"},{"date":61194265200000,"causal":"Bonifico"}]},{"name":"67","movements":[{"date":60316351200000,"causal":"Bollettino"},{"date":60472216800000,"causal":"Accredito"},{"date":60711807600000,"causal":"Bonifico"},{"date":60278338800000,"causal":"Bonifico"},{"date":60322658400000,"causal":"F24"},{"date":61208431200000,"causal":"Bonifico"},{"date":60909577200000,"causal":"F24"},{"date":60396879600000,"causal":"Bonifico"},{"date":60946120800000,"causal":"Bollettino"},{"date":60680790000000,"causal":"Bollettino"},{"date":61031401200000,"causal":"Bollettino"},{"date":61293362400000,"causal":"F24"}]},{"name":"68","movements":[{"date":60287407200000,"causal":"Bonifico"},{"date":61003321200000,"causal":"Accredito"},{"date":60422623200000,"causal":"PagoBancomat"},{"date":60964268400000,"causal":"Accredito"},{"date":60992172000000,"causal":"Accredito"},{"date":60883999200000,"causal":"F24"}]},{"name":"69","movements":[{"date":61395400800000,"causal":"PagoBancomat"},{"date":61263554400000,"causal":"PagoBancomat"},{"date":61019560800000,"causal":"PagoBancomat"},{"date":61388920800000,"causal":"Accredito"},{"date":60068210400000,"causal":"Accredito"}]},{"name":"70","movements":[{"date":61015413600000,"causal":"Bonifico"},{"date":59981292000000,"causal":"Accredito"},{"date":61450610400000,"causal":"PagoBancomat"},{"date":60372946800000,"causal":"Bonifico"},{"date":60704373600000,"causal":"Bollettino"},{"date":60274105200000,"causal":"Bonifico"},{"date":60575551200000,"causal":"Accredito"},{"date":60004533600000,"causal":"Accredito"},{"date":61501417200000,"causal":"Bollettino"},{"date":60737810400000,"causal":"Bonifico"},{"date":60994162800000,"causal":"Bonifico"},{"date":60407334000000,"causal":"Bonifico"}]},{"name":"71","movements":[{"date":61461928800000,"causal":"Bonifico"},{"date":60544965600000,"causal":"Bonifico"},{"date":60561558000000,"causal":"Bollettino"},{"date":61520335200000,"causal":"Accredito"},{"date":61265800800000,"causal":"Bonifico"},{"date":61179055200000,"causal":"Bonifico"},{"date":60844863600000,"causal":"Bollettino"},{"date":60296911200000,"causal":"Accredito"},{"date":60022940400000,"causal":"Bollettino"}]},{"name":"72","movements":[{"date":61338031200000,"causal":"F24"},{"date":60032527200000,"causal":"Bollettino"},{"date":60851426400000,"causal":"Accredito"},{"date":60459174000000,"causal":"Bollettino"},{"date":60260450400000,"causal":"Accredito"},{"date":61040124000000,"causal":"Bollettino"}]},{"name":"73","movements":[{"date":60315055200000,"causal":"Bollettino"},{"date":60409922400000,"causal":"Bonifico"},{"date":61317385200000,"causal":"PagoBancomat"},{"date":60724936800000,"causal":"F24"},{"date":60846850800000,"causal":"Bonifico"},{"date":61005308400000,"causal":"Bollettino"},{"date":60027519600000,"causal":"Bollettino"},{"date":60223298400000,"causal":"F24"},{"date":61278332400000,"causal":"Bonifico"},{"date":60449061600000,"causal":"PagoBancomat"},{"date":60605618400000,"causal":"F24"},{"date":60140959200000,"causal":"Accredito"}]},{"name":"74","movements":[{"date":61236079200000,"causal":"Accredito"},{"date":60433081200000,"causal":"PagoBancomat"},{"date":61202383200000,"causal":"F24"},{"date":60122818800000,"causal":"PagoBancomat"},{"date":61419765600000,"causal":"Accredito"},{"date":59980255200000,"causal":"Bonifico"},{"date":60605791200000,"causal":"Bonifico"},{"date":60204981600000,"causal":"PagoBancomat"},{"date":59972220000000,"causal":"Accredito"},{"date":61511266800000,"causal":"Accredito"},{"date":60097759200000,"causal":"Bonifico"},{"date":60374847600000,"causal":"Bonifico"},{"date":61461496800000,"causal":"F24"},{"date":59995033200000,"causal":"Accredito"},{"date":60766236000000,"causal":"PagoBancomat"},{"date":61488799200000,"causal":"F24"},{"date":60856610400000,"causal":"Bollettino"},{"date":60792760800000,"causal":"Accredito"}]},{"name":"75","movements":[{"date":60638450400000,"causal":"PagoBancomat"},{"date":61252930800000,"causal":"F24"},{"date":60882616800000,"causal":"Bonifico"},{"date":60141391200000,"causal":"Bollettino"},{"date":61515064800000,"causal":"F24"},{"date":61320495600000,"causal":"Accredito"},{"date":61343046000000,"causal":"Accredito"},{"date":60322744800000,"causal":"Accredito"},{"date":60815487600000,"causal":"Accredito"},{"date":60782914800000,"causal":"Bollettino"},{"date":60081260400000,"causal":"F24"},{"date":60405692400000,"causal":"Bonifico"},{"date":60261141600000,"causal":"Bollettino"}]},{"name":"76","movements":[{"date":60554127600000,"causal":"F24"},{"date":61315311600000,"causal":"Bonifico"},{"date":61190204400000,"causal":"F24"},{"date":60979816800000,"causal":"PagoBancomat"},{"date":61096201200000,"causal":"PagoBancomat"},{"date":60251119200000,"causal":"Accredito"},{"date":61373372400000,"causal":"PagoBancomat"},{"date":60357218400000,"causal":"F24"},{"date":60569676000000,"causal":"Accredito"},{"date":60640610400000,"causal":"Bonifico"},{"date":60675084000000,"causal":"Accredito"},{"date":60481548000000,"causal":"Accredito"},{"date":61197199200000,"causal":"Accredito"},{"date":59963583600000,"causal":"Accredito"},{"date":61431688800000,"causal":"Accredito"},{"date":60853845600000,"causal":"Bonifico"}]},{"name":"77","movements":[{"date":60269612400000,"causal":"Accredito"},{"date":61388661600000,"causal":"Bollettino"},{"date":60451221600000,"causal":"F24"},{"date":60003324000000,"causal":"Bonifico"},{"date":61401880800000,"causal":"Bollettino"},{"date":60058623600000,"causal":"Bollettino"},{"date":60316696800000,"causal":"Bollettino"},{"date":60087999600000,"causal":"F24"},{"date":61491564000000,"causal":"Accredito"},{"date":60735391200000,"causal":"Bonifico"},{"date":60150985200000,"causal":"F24"},{"date":61106565600000,"causal":"PagoBancomat"},{"date":60798981600000,"causal":"Bonifico"},{"date":61383135600000,"causal":"PagoBancomat"}]},{"name":"78","movements":[{"date":61020943200000,"causal":"Bonifico"},{"date":61338204000000,"causal":"PagoBancomat"},{"date":60794488800000,"causal":"F24"},{"date":61031314800000,"causal":"F24"},{"date":60916917600000,"causal":"Bollettino"},{"date":60262696800000,"causal":"PagoBancomat"},{"date":60075468000000,"causal":"Bollettino"},{"date":61203592800000,"causal":"PagoBancomat"},{"date":60676812000000,"causal":"F24"},{"date":60712326000000,"causal":"F24"},{"date":60200834400000,"causal":"Accredito"},{"date":61053170400000,"causal":"Bollettino"},{"date":60622642800000,"causal":"PagoBancomat"},{"date":60339942000000,"causal":"Accredito"}]},{"name":"79","movements":[{"date":60186063600000,"causal":"F24"},{"date":60140354400000,"causal":"Bonifico"},{"date":60655129200000,"causal":"F24"},{"date":61007292000000,"causal":"PagoBancomat"},{"date":60753193200000,"causal":"F24"},{"date":60583500000000,"causal":"Accredito"},{"date":60384175200000,"causal":"Accredito"},{"date":61482060000000,"causal":"PagoBancomat"},{"date":61255350000000,"causal":"Accredito"}]},{"name":"80","movements":[{"date":61164370800000,"causal":"PagoBancomat"},{"date":60187528800000,"causal":"Bollettino"},{"date":60727528800000,"causal":"PagoBancomat"},{"date":60257167200000,"causal":"PagoBancomat"},{"date":60696252000000,"causal":"Accredito"},{"date":61239535200000,"causal":"F24"},{"date":60149775600000,"causal":"Bonifico"},{"date":61224678000000,"causal":"Bollettino"},{"date":61303039200000,"causal":"PagoBancomat"},{"date":60013692000000,"causal":"Bollettino"},{"date":60338041200000,"causal":"Accredito"},{"date":61481455200000,"causal":"F24"},{"date":60851685600000,"causal":"PagoBancomat"},{"date":60570108000000,"causal":"Bollettino"},{"date":60856610400000,"causal":"PagoBancomat"},{"date":60478783200000,"causal":"F24"}]},{"name":"81","movements":[{"date":61197285600000,"causal":"Bollettino"},{"date":60529503600000,"causal":"PagoBancomat"},{"date":60549285600000,"causal":"F24"},{"date":60477746400000,"causal":"Bollettino"},{"date":61261221600000,"causal":"Bollettino"},{"date":59990799600000,"causal":"Accredito"},{"date":60250168800000,"causal":"Bollettino"}]},{"name":"82","movements":[{"date":60504616800000,"causal":"PagoBancomat"},{"date":61302780000000,"causal":"Accredito"},{"date":60308751600000,"causal":"F24"},{"date":61442578800000,"causal":"Bollettino"},{"date":60518613600000,"causal":"Bollettino"},{"date":60669122400000,"causal":"F24"},{"date":60133788000000,"causal":"F24"},{"date":60341497200000,"causal":"Accredito"},{"date":60699362400000,"causal":"Accredito"},{"date":59973429600000,"causal":"Bollettino"},{"date":60215353200000,"causal":"PagoBancomat"},{"date":60589724400000,"causal":"Bollettino"},{"date":60866460000000,"causal":"Accredito"},{"date":60864472800000,"causal":"PagoBancomat"},{"date":60540472800000,"causal":"PagoBancomat"}]},{"name":"83","movements":[{"date":60750342000000,"causal":"F24"},{"date":61001766000000,"causal":"Bollettino"},{"date":61499862000000,"causal":"F24"},{"date":60280758000000,"causal":"Bollettino"},{"date":60333375600000,"causal":"Bollettino"}]},{"name":"84","movements":[{"date":60515071200000,"causal":"PagoBancomat"},{"date":60895576800000,"causal":"Bollettino"},{"date":60859116000000,"causal":"F24"},{"date":61323688800000,"causal":"Bollettino"},{"date":60358687200000,"causal":"F24"},{"date":60265720800000,"causal":"Accredito"},{"date":60119535600000,"causal":"Bollettino"},{"date":60603026400000,"causal":"Bollettino"}]},{"name":"85","movements":[{"date":60790168800000,"causal":"Bollettino"},{"date":61110194400000,"causal":"Bollettino"},{"date":60990012000000,"causal":"Bonifico"},{"date":61165749600000,"causal":"Bonifico"},{"date":60411132000000,"causal":"Bonifico"},{"date":61529407200000,"causal":"PagoBancomat"},{"date":61019474400000,"causal":"PagoBancomat"},{"date":60306159600000,"causal":"Accredito"},{"date":61435144800000,"causal":"Accredito"},{"date":60613912800000,"causal":"Bollettino"},{"date":60157029600000,"causal":"PagoBancomat"},{"date":61058617200000,"causal":"PagoBancomat"},{"date":61239016800000,"causal":"PagoBancomat"},{"date":61103628000000,"causal":"Accredito"},{"date":60535461600000,"causal":"PagoBancomat"},{"date":61305717600000,"causal":"PagoBancomat"},{"date":60481720800000,"causal":"PagoBancomat"},{"date":60858079200000,"causal":"Bollettino"},{"date":61399461600000,"causal":"Bonifico"},{"date":60626703600000,"causal":"F24"}]},{"name":"86","movements":[{"date":61100434800000,"causal":"PagoBancomat"},{"date":61474633200000,"causal":"Bollettino"},{"date":60950440800000,"causal":"F24"},{"date":61332069600000,"causal":"PagoBancomat"},{"date":60300889200000,"causal":"PagoBancomat"},{"date":61113391200000,"causal":"PagoBancomat"},{"date":60307282800000,"causal":"F24"},{"date":61012130400000,"causal":"Accredito"},{"date":61140520800000,"causal":"Bonifico"},{"date":60676293600000,"causal":"Accredito"},{"date":60195045600000,"causal":"Accredito"},{"date":61252412400000,"causal":"PagoBancomat"}]},{"name":"87","movements":[{"date":60291640800000,"causal":"Bollettino"},{"date":60329570400000,"causal":"Accredito"},{"date":60389532000000,"causal":"Bollettino"},{"date":60471266400000,"causal":"F24"},{"date":61172143200000,"causal":"Accredito"},{"date":60139231200000,"causal":"Accredito"},{"date":60502888800000,"causal":"Accredito"},{"date":61342182000000,"causal":"Accredito"},{"date":60433513200000,"causal":"Bollettino"},{"date":60598792800000,"causal":"Bonifico"},{"date":61215778800000,"causal":"Bollettino"},{"date":61323343200000,"causal":"Accredito"}]},{"name":"88","movements":[{"date":60561817200000,"causal":"F24"},{"date":61498216800000,"causal":"Accredito"},{"date":60887023200000,"causal":"F24"},{"date":61084965600000,"causal":"Bonifico"},{"date":60559830000000,"causal":"Bonifico"},{"date":60419253600000,"causal":"PagoBancomat"},{"date":61232968800000,"causal":"Bollettino"},{"date":61066998000000,"causal":"PagoBancomat"},{"date":60550840800000,"causal":"PagoBancomat"},{"date":60751724400000,"causal":"F24"},{"date":60215526000000,"causal":"Accredito"},{"date":60448629600000,"causal":"F24"},{"date":60484572000000,"causal":"Bonifico"},{"date":60578920800000,"causal":"Bonifico"},{"date":60884431200000,"causal":"Accredito"}]},{"name":"89","movements":[{"date":59982501600000,"causal":"PagoBancomat"},{"date":60595426800000,"causal":"Bollettino"},{"date":61464348000000,"causal":"F24"},{"date":60028729200000,"causal":"PagoBancomat"},{"date":61231845600000,"causal":"PagoBancomat"},{"date":61134991200000,"causal":"Bonifico"},{"date":59961250800000,"causal":"Bonifico"},{"date":61461151200000,"causal":"Bollettino"},{"date":61292930400000,"causal":"Bonifico"},{"date":60768914400000,"causal":"Bonifico"},{"date":60503148000000,"causal":"PagoBancomat"},{"date":61394623200000,"causal":"Bonifico"},{"date":60544533600000,"causal":"Accredito"},{"date":60985432800000,"causal":"F24"}]},{"name":"90","movements":[{"date":61035980400000,"causal":"PagoBancomat"},{"date":60376744800000,"causal":"PagoBancomat"},{"date":60478092000000,"causal":"PagoBancomat"},{"date":61243336800000,"causal":"F24"},{"date":60006348000000,"causal":"PagoBancomat"},{"date":60928149600000,"causal":"Accredito"},{"date":60205503600000,"causal":"Accredito"},{"date":59990454000000,"causal":"PagoBancomat"},{"date":61394450400000,"causal":"Accredito"},{"date":60269871600000,"causal":"Accredito"},{"date":61336216800000,"causal":"Bonifico"},{"date":60989752800000,"causal":"PagoBancomat"},{"date":61237461600000,"causal":"F24"}]},{"name":"91","movements":[{"date":61076239200000,"causal":"Bollettino"},{"date":60319288800000,"causal":"F24"},{"date":61323084000000,"causal":"PagoBancomat"},{"date":60193231200000,"causal":"Bonifico"},{"date":60464962800000,"causal":"Accredito"},{"date":60548853600000,"causal":"Bollettino"},{"date":60483276000000,"causal":"Bonifico"},{"date":61522927200000,"causal":"F24"},{"date":60838383600000,"causal":"Accredito"},{"date":61063110000000,"causal":"Bollettino"},{"date":61350476400000,"causal":"F24"},{"date":61421061600000,"causal":"PagoBancomat"},{"date":61138792800000,"causal":"F24"},{"date":60477055200000,"causal":"Accredito"},{"date":61221308400000,"causal":"Accredito"},{"date":60584108400000,"causal":"Accredito"},{"date":60816438000000,"causal":"F24"},{"date":60540991200000,"causal":"PagoBancomat"},{"date":61375014000000,"causal":"Bollettino"}]},{"name":"92","movements":[{"date":59998917600000,"causal":"PagoBancomat"},{"date":60811426800000,"causal":"Accredito"},{"date":60752242800000,"causal":"Accredito"},{"date":60655561200000,"causal":"PagoBancomat"},{"date":60906466800000,"causal":"PagoBancomat"},{"date":60188997600000,"causal":"Accredito"},{"date":60137935200000,"causal":"Bonifico"},{"date":60527948400000,"causal":"Accredito"},{"date":61468844400000,"causal":"PagoBancomat"}]},{"name":"93","movements":[{"date":60423228000000,"causal":"Accredito"},{"date":61153743600000,"causal":"Accredito"},{"date":60168175200000,"causal":"Bollettino"},{"date":61045221600000,"causal":"Bollettino"},{"date":60004620000000,"causal":"PagoBancomat"},{"date":61006690800000,"causal":"F24"},{"date":61265023200000,"causal":"F24"},{"date":60881407200000,"causal":"PagoBancomat"},{"date":60248790000000,"causal":"Accredito"},{"date":61432984800000,"causal":"PagoBancomat"},{"date":60705496800000,"causal":"Bonifico"},{"date":60984396000000,"causal":"Accredito"},{"date":60561644400000,"causal":"PagoBancomat"},{"date":61121084400000,"causal":"Bonifico"},{"date":60264943200000,"causal":"Accredito"}]},{"name":"94","movements":[{"date":61235992800000,"causal":"Bonifico"},{"date":60615558000000,"causal":"Bollettino"},{"date":60108559200000,"causal":"Accredito"},{"date":60032008800000,"causal":"F24"},{"date":60605100000000,"causal":"PagoBancomat"},{"date":60028642800000,"causal":"PagoBancomat"},{"date":61168168800000,"causal":"PagoBancomat"},{"date":61340709600000,"causal":"PagoBancomat"},{"date":60984828000000,"causal":"Bonifico"},{"date":60289394400000,"causal":"F24"},{"date":60750428400000,"causal":"Accredito"},{"date":60154527600000,"causal":"Accredito"},{"date":60373983600000,"causal":"F24"},{"date":61229080800000,"causal":"PagoBancomat"},{"date":60559657200000,"causal":"Bonifico"},{"date":61414930800000,"causal":"F24"},{"date":60959944800000,"causal":"Accredito"},{"date":61122466800000,"causal":"F24"}]},{"name":"95","movements":[{"date":60266844000000,"causal":"PagoBancomat"},{"date":61248870000000,"causal":"F24"},{"date":60863004000000,"causal":"Accredito"},{"date":60293196000000,"causal":"Bollettino"},{"date":59959695600000,"causal":"Bollettino"},{"date":60482412000000,"causal":"Accredito"},{"date":60929618400000,"causal":"F24"},{"date":60026828400000,"causal":"Accredito"},{"date":60664629600000,"causal":"Bollettino"},{"date":60223212000000,"causal":"F24"},{"date":60313759200000,"causal":"PagoBancomat"},{"date":60243692400000,"causal":"Bonifico"}]},{"name":"96","movements":[{"date":60388063200000,"causal":"Bollettino"},{"date":61490181600000,"causal":"Bollettino"},{"date":61405426800000,"causal":"Accredito"},{"date":60570367200000,"causal":"Bollettino"},{"date":60310220400000,"causal":"PagoBancomat"},{"date":60636722400000,"causal":"Accredito"},{"date":60735564000000,"causal":"Bollettino"}]},{"name":"97","movements":[{"date":60040303200000,"causal":"PagoBancomat"},{"date":60741352800000,"causal":"Bonifico"},{"date":60446901600000,"causal":"Bollettino"},{"date":60121522800000,"causal":"F24"},{"date":61005826800000,"causal":"Bonifico"},{"date":60475586400000,"causal":"F24"},{"date":61427023200000,"causal":"Accredito"},{"date":60341324400000,"causal":"Bonifico"},{"date":60581685600000,"causal":"Bollettino"},{"date":60758546400000,"causal":"Bollettino"}]},{"name":"98","movements":[{"date":61040642400000,"causal":"Accredito"},{"date":60054735600000,"causal":"Bollettino"},{"date":60227618400000,"causal":"Bonifico"},{"date":60336918000000,"causal":"Bonifico"},{"date":60360588000000,"causal":"F24"},{"date":60834924000000,"causal":"PagoBancomat"},{"date":60309961200000,"causal":"PagoBancomat"},{"date":60425042400000,"causal":"Bonifico"},{"date":61516879200000,"causal":"F24"},{"date":61478521200000,"causal":"Bonifico"},{"date":61273749600000,"causal":"F24"},{"date":61531743600000,"causal":"Accredito"}]},{"name":"99","movements":[{"date":60815142000000,"causal":"Accredito"},{"date":60003496800000,"causal":"PagoBancomat"},{"date":60017670000000,"causal":"F24"},{"date":61383654000000,"causal":"F24"},{"date":60070543200000,"causal":"Bonifico"},{"date":60139058400000,"causal":"PagoBancomat"},{"date":59982156000000,"causal":"Bonifico"},{"date":60483621600000,"causal":"Bonifico"},{"date":60829394400000,"causal":"Bonifico"},{"date":60755695200000,"causal":"PagoBancomat"},{"date":61077535200000,"causal":"Accredito"},{"date":60035119200000,"causal":"PagoBancomat"},{"date":60085062000000,"causal":"Accredito"}]}]}